"","race","tot","pct","exp"
"5","Pacific Islander",19,0.0026319434824768,0
"1","Asian",354,0.0490372627787782,0.214
"2","Black",432,0.0598420833910514,0.033
"4","Other",445,0.0616428868264303,0
"3","Hispanic/Mexican/Latin",1203,0.166643579443136,0.241
"6","White",4484,0.621138661864524,0.569
