{"Pacific Islander":{"tot":19,"pct":0.002884469409442842, "exp":0},"Unknown":{"tot":95,"pct":0.01442234704721421},"Asian":{"tot":354,"pct":0.05374221952330348, "exp":0.214},"Black":{"tot":432,"pct":0.06558372551996357,"exp":0.033},"Hispanic/Mexican/Latin":{"tot":1203,"pct":0.1826324578715652,"exp":0.241},"White":{"tot":4484,"pct":0.6807347806285107, "exp":0.569}}